Index,True Label,Predicted Probability
0,1,0.5785313135804911
1,1,0.563414604775282
2,1,0.5643393125592141
3,1,0.6065718578529966
4,1,0.609221454717147
5,1,0.6782361352786752
6,1,0.686721082501764
7,1,0.684639063885426
8,1,0.5416233099379122
9,1,0.6122967494187102
10,1,0.6097767381853111
11,1,0.5714393546556625
12,1,0.6654891028100038
13,1,0.6192661110333362
14,1,0.6009499622641786
15,1,0.635737553619252
16,1,0.6196963747454065
